<?xml version='1.0' encoding='UTF-8'?>
<?artifactRepository version='1.1.0'?>
<repository name='Bundle pool' type='org.eclipse.equinox.p2.artifact.repository.simpleRepository' version='1'>
  <properties size='2'>
    <property name='p2.system' value='true'/>
    <property name='p2.timestamp' value='1715874990875'/>
  </properties>
  <mappings size='3'>
    <rule filter='(&amp; (classifier=osgi.bundle))' output='${repoUrl}/plugins/${id}_${version}.jar'/>
    <rule filter='(&amp; (classifier=binary))' output='${repoUrl}/binary/${id}_${version}'/>
    <rule filter='(&amp; (classifier=org.eclipse.update.feature))' output='${repoUrl}/features/${id}_${version}.jar'/>
  </mappings>
  <artifacts size='22'>
    <artifact classifier='osgi.bundle' id='wrapped.org.jdom.jdom' version='2.0.2'>
      <properties size='1'>
        <property name='download.size' value='299455'/>
      </properties>
    </artifact>
    <artifact classifier='org.eclipse.update.feature' id='de.uni_freiburg.informatik.ultimate.deps.feature' version='1.0.0.202405161555'>
      <properties size='1'>
        <property name='download.size' value='5843'/>
      </properties>
      <repositoryProperties size='1'>
        <property name='artifact.folder' value='true'/>
      </repositoryProperties>
    </artifact>
    <artifact classifier='osgi.bundle' id='org.apache.logging.log4j.api' version='2.23.0'>
      <properties size='1'>
        <property name='download.size' value='338576'/>
      </properties>
    </artifact>
    <artifact classifier='osgi.bundle' id='org.eclipse.core.jobs' version='3.15.200.v20231214-1526'>
      <properties size='1'>
        <property name='download.size' value='118317'/>
      </properties>
    </artifact>
    <artifact classifier='osgi.bundle' id='org.eclipse.core.runtime' version='3.31.0.v20240215-1631'>
      <properties size='1'>
        <property name='download.size' value='81357'/>
      </properties>
    </artifact>
    <artifact classifier='osgi.bundle' id='net.sourceforge.czt' version='1.5.0'>
      <properties size='1'>
        <property name='download.size' value='4866390'/>
      </properties>
    </artifact>
    <artifact classifier='osgi.bundle' id='org.eclipse.equinox.common' version='3.19.0.v20240214-0846'>
      <properties size='1'>
        <property name='download.size' value='160576'/>
      </properties>
    </artifact>
    <artifact classifier='osgi.bundle' id='org.eclipse.equinox.registry' version='3.12.0.v20240213-1057'>
      <properties size='1'>
        <property name='download.size' value='204022'/>
      </properties>
    </artifact>
    <artifact classifier='org.eclipse.update.feature' id='de.uni_freiburg.informatik.ultimate.common.feature' version='1.0.0.202405161555'>
      <properties size='1'>
        <property name='download.size' value='5720'/>
      </properties>
      <repositoryProperties size='1'>
        <property name='artifact.folder' value='true'/>
      </repositoryProperties>
    </artifact>
    <artifact classifier='osgi.bundle' id='wrapped.org.ojalgo.ojalgo' version='53.3.0'>
      <properties size='1'>
        <property name='download.size' value='2448164'/>
      </properties>
    </artifact>
    <artifact classifier='osgi.bundle' id='org.apache.xml.resolver' version='1.2.0.v20230928-1222'>
      <properties size='1'>
        <property name='download.size' value='96008'/>
      </properties>
    </artifact>
    <artifact classifier='osgi.bundle' id='org.eclipse.osgi' version='3.19.0.v20240213-1246'>
      <properties size='1'>
        <property name='download.size' value='1545760'/>
      </properties>
    </artifact>
    <artifact classifier='osgi.bundle' id='net.sf.javabdd' version='0.6.0'>
      <properties size='1'>
        <property name='download.size' value='416288'/>
      </properties>
    </artifact>
    <artifact classifier='osgi.bundle' id='org.eclipse.equinox.launcher' version='1.6.700.v20240213-1244'>
      <properties size='1'>
        <property name='download.size' value='56349'/>
      </properties>
    </artifact>
    <artifact classifier='osgi.bundle' id='org.eclipse.core.contenttype' version='3.9.300.v20231218-0909'>
      <properties size='1'>
        <property name='download.size' value='106252'/>
      </properties>
    </artifact>
    <artifact classifier='osgi.bundle' id='org.eclipse.equinox.preferences' version='3.11.0.v20240210-0844'>
      <properties size='1'>
        <property name='download.size' value='128245'/>
      </properties>
    </artifact>
    <artifact classifier='osgi.bundle' id='org.eclipse.equinox.launcher.cocoa.macosx.x86_64' version='1.2.900.v20240129-1338'>
      <properties size='1'>
        <property name='download.size' value='42806'/>
      </properties>
      <repositoryProperties size='1'>
        <property name='artifact.folder' value='true'/>
      </repositoryProperties>
    </artifact>
    <artifact classifier='osgi.bundle' id='org.apache.log4j' version='1.2.25'>
      <properties size='1'>
        <property name='download.size' value='333325'/>
      </properties>
    </artifact>
    <artifact classifier='osgi.bundle' id='org.apache.xerces' version='2.12.2.v20230928-1306'>
      <properties size='1'>
        <property name='download.size' value='1561851'/>
      </properties>
    </artifact>
    <artifact classifier='osgi.bundle' id='org.osgi.service.prefs' version='1.1.2.202109301733'>
      <properties size='1'>
        <property name='download.size' value='20165'/>
      </properties>
    </artifact>
    <artifact classifier='osgi.bundle' id='org.eclipse.equinox.app' version='1.7.0.v20240213-1427'>
      <properties size='1'>
        <property name='download.size' value='94225'/>
      </properties>
    </artifact>
    <artifact classifier='osgi.bundle' id='org.apache.commons.lang' version='2.6.0.v201404270220'>
      <properties size='1'>
        <property name='download.size' value='306273'/>
      </properties>
    </artifact>
  </artifacts>
</repository>
